{"type": "metrics", "dataset": "train", "precision": 0.7749221183800623, "balanced_accuracy": 0.6927732849226564, "recall": 0.4211640211640212, "f1_score": 0.5457287810228987}
{"type": "metrics", "dataset": "test", "precision": 0.665080875356803, "balanced_accuracy": 0.658484951344612, "recall": 0.36673662119622247, "f1_score": 0.472776462631045}
{"type": "cm_matrix", "dataset": "train", "true_0": {"predicted_0": 15650, "predicted_1": 578}, "true_1": {"predicted_0": 2735, "predicted_1": 1990}}
{"type": "cm_matrix", "dataset": "test", "true_0": {"predicted_0": 6721, "predicted_1": 352}, "true_1": {"predicted_0": 1207, "predicted_1": 699}}
