{"type": "metrics", "dataset": "train", "precision": 0.7065127782357791, "balanced_accuracy": 0.6594382692139655, "recall": 0.36275132275132277, "f1_score": 0.4793735141938191}
{"type": "metrics", "dataset": "test", "precision": 0.673828125, "balanced_accuracy": 0.6573964304793853, "recall": 0.3620146904512067, "f1_score": 0.4709897610921502}
{"type": "cm_matrix", "dataset": "train", "true_0": {"predicted_0": 15516, "predicted_1": 712}, "true_1": {"predicted_0": 3011, "predicted_1": 1714}}
{"type": "cm_matrix", "dataset": "test", "true_0": {"predicted_0": 6739, "predicted_1": 334}, "true_1": {"predicted_0": 1216, "predicted_1": 690}}
