{"type": "metrics", "dataset": "train", "precision": 0.699607329842932, "balanced_accuracy": 0.5989794698039707, "recall": 0.22624338624338625, "f1_score": 0.3419158803774188}
{"type": "metrics", "dataset": "test", "precision": 0.7219858156028369, "balanced_accuracy": 0.6196702014325497, "recall": 0.2670514165792235, "f1_score": 0.38988893144389125}
{"type": "cm_matrix", "dataset": "train", "true_0": {"predicted_0": 15769, "predicted_1": 459}, "true_1": {"predicted_0": 3656, "predicted_1": 1069}}
{"type": "cm_matrix", "dataset": "test", "true_0": {"predicted_0": 6877, "predicted_1": 196}, "true_1": {"predicted_0": 1397, "predicted_1": 509}}
